1,Headquarter,10,1,17.2
2,Sales,15,1,17.2
3,Logistics,25,1,17.2
4,F&E,11,1,17.2
5,Marketing,25,1,17.2
6,Basic Research,70,4,116.6666666666666667
7,Field Research,90,4,116.6666666666666667
8,Project Developement,190,4,116.6666666666666667
9,3D Printing,10,8,42.5
10,Software Developemnet,75,8,42.5
11,Direct Sales,7,2,8.5
12,Indirect Sales,10,2,8.5
13,Phone Sales,50,11,37.5
14,Online Sales,25,11,37.5
